Action,Adventure,Cars,Comedy,Dementia,Demons,Drama,Ecchi,Fantasy,Game,Harem,Historical,Horror,Josei,Kids,Magic,Martial Arts,Mecha,Military,Music,Mystery,Parody,Police,Psychological,Romance,Samurai,School,Sci-Fi,Seinen,Shoujo,Shoujo Ai,Shounen,Shounen Ai,Slice of Life,Space,Sports,Super Power,Supernatural,Thriller,Unknown,Vampire,Yaoi	
,,,,,,,,,,,,,,,,,,,,,,,,,,,,,,,,,,,,,,,,,
7.148558453077775,7.251855296707607,7.467631456681235,7.114453743374978,7.277320351526703,7.061807617526239,7.449973690171586,6.403757091862897,7.096785580844197,6.951057405231214,6.201986143857515,7.56121985117975,6.9095280844933376,7.266651849292981,6.587782468112622,7.080943927074488,6.849160819050123,7.216373471668652,7.6154803716254,7.29621419491045,7.442386663435191,7.238932734170524,7.681814541841358,7.482581194149342,6.971551815597586,7.407527344851276,7.092736688998195,7.207928305932288,7.177244764698141,7.044379336953409,6.330907714622379,7.286245370559575,6.263293543871887,7.340431641838108,7.4158498055715,7.283107268497573,7.248887502420734,7.27236463124884,7.750693207150544,4.75438596491228,6.9965015698912225,5.892441022212658
